{"cameraMode":{"drawMode":0,"name":"Shaded","section":"Shading Mode"},"sceneLighting":true,"audioPlay":false,"sceneViewState":{"m_AlwaysRefresh":false,"showFog":true,"showSkybox":true,"showFlares":true,"showImageEffects":true,"showParticleSystems":true,"showVisualEffectGraphs":true,"m_FxEnabled":true},"in2DMode":false,"pivot":{"x":95.04694366455078,"y":6.002285003662109,"z":126.83768463134766},"rotation":{"x":0.008588484488427639,"y":-0.31643784046173098,"z":-0.002670547692105174,"w":-0.9488826990127564},"size":84.67802429199219,"orthographic":false}